Time [s],Packet ID,Address,Data,Read/Write,ACK/NAK
20.077710499999998,0,0x60,0x00,Write,ACK
20.077936000000001,1,0x61,0x01,Read,NAK
20.079142000000001,2,0x60,0x15,Write,ACK
20.079246999999999,2,0x60,0x64,Write,ACK
20.079352000000000,2,0x60,0xD0,Write,ACK
20.079590499999998,2,0x60,0xE6,Write,ACK
20.079699500000000,2,0x60,0xCE,Write,ACK
20.079804500000002,2,0x60,0xEE,Write,ACK
20.080344499999999,3,0x60,0x14,Write,ACK
20.080447499999998,3,0x60,0x70,Write,ACK
20.080987000000000,4,0x60,0x02,Write,ACK
20.081205000000001,5,0x61,0x33,Read,ACK
20.081308000000000,5,0x61,0x92,Read,NAK
20.084283500000002,6,0x60,0x7E,Write,ACK
20.084386500000001,6,0x60,0x04,Write,ACK
20.084928500000000,7,0x60,0x7B,Write,ACK
20.085031499999999,7,0x60,0x10,Write,ACK
20.085564999999999,8,0x60,0x7D,Write,ACK
20.085667999999998,8,0x60,0x10,Write,ACK
20.086202000000000,9,0x60,0xB8,Write,ACK
20.086420000000000,10,0x61,0x00,Read,NAK
20.086961500000001,11,0x60,0xB8,Write,ACK
20.087064500000000,11,0x60,0x01,Write,ACK
20.087830499999999,12,0x60,0xB7,Write,ACK
20.088048499999999,13,0x61,0x00,Read,NAK
20.088840000000001,14,0x60,0x7A,Write,ACK
20.089058000000001,15,0x61,0x00,Read,NAK
20.089600000000001,16,0x60,0x7A,Write,ACK
20.089703000000000,16,0x60,0x40,Write,ACK
20.090250500000000,17,0x60,0x09,Write,ACK
20.090353499999999,17,0x60,0x00,Write,ACK
20.090887500000001,18,0x60,0x82,Write,ACK
20.090988500000002,18,0x60,0xFF,Write,ACK
20.095870999999999,29,0x60,0x7A,Write,ACK
20.095973999999998,29,0x60,0x41,Write,ACK
20.096515499999999,30,0x68,0x37,Write,ACK
20.096733499999999,31,0x69,0x00,Read,NAK
20.097277500000001,32,0x68,0x37,Write,ACK
20.097380500000000,32,0x68,0x02,Write,ACK
20.097916000000001,33,0x68,0x29,Write,ACK
20.098019000000001,33,0x68,0x14,Write,ACK
20.098557000000000,34,0x68,0x27,Write,ACK
20.098775000000000,35,0x69,0x01,Read,NAK
20.099322500000000,36,0x60,0x07,Write,ACK
20.099664499999999,37,0x61,0x00,Read,NAK
20.100208500000001,38,0x60,0x07,Write,ACK
20.100311500000000,38,0x60,0x08,Write,ACK
20.100843000000001,39,0x60,0x08,Write,ACK
20.101061000000001,40,0x61,0x04,Read,NAK
20.101603000000001,41,0x60,0x08,Write,ACK
20.101704000000002,41,0x60,0x04,Write,ACK
20.102237500000001,42,0x60,0x09,Write,ACK
20.102455500000001,43,0x61,0x00,Read,NAK
20.102997500000001,44,0x60,0x09,Write,ACK
20.103100500000000,44,0x60,0x00,Write,ACK
20.103878000000002,45,0x60,0x2F,Write,ACK
20.103981000000001,45,0x60,0x00,Write,ACK
20.104084000000000,45,0x60,0x00,Write,ACK
20.104614000000002,46,0x60,0x2F,Write,ACK
20.104716499999999,46,0x60,0x00,Write,ACK
20.104819500000001,46,0x60,0x00,Write,ACK
20.124286500000000,47,0x60,0x06,Write,ACK
20.124504000000002,48,0x61,0x30,Read,NAK
20.129456000000001,49,0xEE,0x01,Write,ACK
20.129558500000002,49,0xEE,0x00,Write,ACK
20.130100500000001,50,0xEE,0x13,Write,ACK
20.130201499999998,50,0xEE,0xFF,Write,ACK
20.130745500000000,51,0xEE,0x04,Write,ACK
20.130848000000000,51,0xEE,0x01,Write,ACK
20.131580000000000,52,0xEE,0x02,Write,ACK
20.131682999999999,52,0xEE,0x00,Write,ACK
20.132259000000001,53,0xEE,0x03,Write,ACK
20.132359500000000,53,0xEE,0x00,Write,ACK
20.132460500000001,53,0xEE,0xFF,Write,ACK
20.132561500000001,53,0xEE,0xFF,Write,ACK
20.132662499999999,53,0xEE,0xFF,Write,ACK
20.132763499999999,53,0xEE,0xFF,Write,ACK
20.132864000000001,53,0xEE,0xFF,Write,ACK
20.132964999999999,53,0xEE,0xFF,Write,ACK
20.133065999999999,53,0xEE,0x00,Write,ACK
20.133167000000000,53,0xEE,0x4D,Write,ACK
20.133268000000001,53,0xEE,0x29,Write,ACK
20.133368500000000,53,0xEE,0x34,Write,ACK
20.133469500000000,53,0xEE,0x93,Write,ACK
20.133570500000001,53,0xEE,0x01,Write,ACK
20.133671499999998,53,0xEE,0x00,Write,ACK
20.133772000000000,53,0xEE,0x00,Write,ACK
20.133873000000001,53,0xEE,0x00,Write,ACK
20.133973999999998,53,0xEE,0x00,Write,ACK
20.134074999999999,53,0xEE,0x14,Write,ACK
20.134176000000000,53,0xEE,0x01,Write,ACK
20.134276499999999,53,0xEE,0x03,Write,ACK
20.134377499999999,53,0xEE,0x80,Write,ACK
20.134478500000000,53,0xEE,0x00,Write,ACK
20.134579500000001,53,0xEE,0x00,Write,ACK
20.134680500000002,53,0xEE,0x78,Write,ACK
20.134781000000000,53,0xEE,0x0A,Write,ACK
20.134882000000001,53,0xEE,0xEE,Write,ACK
20.134982999999998,53,0xEE,0x91,Write,ACK
20.135083999999999,53,0xEE,0xA3,Write,ACK
20.135184500000001,53,0xEE,0x54,Write,ACK
20.135285499999998,53,0xEE,0x4C,Write,ACK
20.135542500000000,53,0xEE,0x99,Write,ACK
20.135645499999999,53,0xEE,0x26,Write,ACK
20.135746500000000,53,0xEE,0x0F,Write,ACK
20.135846999999998,53,0xEE,0x50,Write,ACK
20.135947999999999,53,0xEE,0x54,Write,ACK
20.136049000000000,53,0xEE,0x20,Write,ACK
20.136150000000001,53,0xEE,0x00,Write,ACK
20.136251000000001,53,0xEE,0x00,Write,ACK
20.136351500000000,53,0xEE,0x01,Write,ACK
20.136452500000001,53,0xEE,0x01,Write,ACK
20.136553500000002,53,0xEE,0x01,Write,ACK
20.136654499999999,53,0xEE,0x01,Write,ACK
20.136755000000001,53,0xEE,0x01,Write,ACK
20.136856000000002,53,0xEE,0x01,Write,ACK
20.136956999999999,53,0xEE,0x01,Write,ACK
20.137058000000000,53,0xEE,0x01,Write,ACK
20.137159000000000,53,0xEE,0x01,Write,ACK
20.137259499999999,53,0xEE,0x01,Write,ACK
20.137360500000000,53,0xEE,0x01,Write,ACK
20.137461500000001,53,0xEE,0x01,Write,ACK
20.137562500000001,53,0xEE,0x01,Write,ACK
20.137663499999999,53,0xEE,0x01,Write,ACK
20.137764000000001,53,0xEE,0x01,Write,ACK
20.137865000000001,53,0xEE,0x01,Write,ACK
20.137965999999999,53,0xEE,0x8C,Write,ACK
20.138066999999999,53,0xEE,0x0A,Write,ACK
20.138167500000002,53,0xEE,0xD0,Write,ACK
20.138268499999999,53,0xEE,0x8A,Write,ACK
20.138369500000000,53,0xEE,0x20,Write,ACK
20.138470500000000,53,0xEE,0xE0,Write,ACK
20.138571500000001,53,0xEE,0x2D,Write,ACK
20.138672000000000,53,0xEE,0x10,Write,ACK
20.138773000000000,53,0xEE,0x10,Write,ACK
20.138876000000000,53,0xEE,0x3E,Write,ACK
20.138977000000001,53,0xEE,0x96,Write,ACK
20.139078000000001,53,0xEE,0x00,Write,ACK
20.139178500000000,53,0xEE,0x78,Write,ACK
20.139279500000001,53,0xEE,0x5A,Write,ACK
20.139520500000000,53,0xEE,0x00,Write,ACK
20.139623499999999,53,0xEE,0x00,Write,ACK
20.139724500000000,53,0xEE,0x00,Write,ACK
20.139824999999998,53,0xEE,0x18,Write,ACK
20.139925999999999,53,0xEE,0x8C,Write,ACK
20.140027000000000,53,0xEE,0x0A,Write,ACK
20.140128000000001,53,0xEE,0xD0,Write,ACK
20.140228499999999,53,0xEE,0x90,Write,ACK
20.140329500000000,53,0xEE,0x20,Write,ACK
20.140430500000001,53,0xEE,0x40,Write,ACK
20.140531500000002,53,0xEE,0x31,Write,ACK
20.140632499999999,53,0xEE,0x20,Write,ACK
20.140733000000001,53,0xEE,0x0C,Write,ACK
20.140834000000002,53,0xEE,0x40,Write,ACK
20.140934999999999,53,0xEE,0x55,Write,ACK
20.141036000000000,53,0xEE,0x00,Write,ACK
20.141137000000001,53,0xEE,0x78,Write,ACK
20.141237499999999,53,0xEE,0x5A,Write,ACK
20.141338500000000,53,0xEE,0x00,Write,ACK
20.141439500000001,53,0xEE,0x00,Write,ACK
20.141540500000001,53,0xEE,0x00,Write,ACK
20.141641000000000,53,0xEE,0x18,Write,ACK
20.141742000000001,53,0xEE,0x00,Write,ACK
20.141843000000001,53,0xEE,0x00,Write,ACK
20.141943999999999,53,0xEE,0x00,Write,ACK
20.142045000000000,53,0xEE,0xFC,Write,ACK
20.142145500000002,53,0xEE,0x00,Write,ACK
20.142248500000001,53,0xEE,0x53,Write,ACK
20.142349500000002,53,0xEE,0x49,Write,ACK
20.142450499999999,53,0xEE,0x49,Write,ACK
20.142551500000000,53,0xEE,0x20,Write,ACK
20.142651999999998,53,0xEE,0x52,Write,ACK
20.142752999999999,53,0xEE,0x45,Write,ACK
20.142854000000000,53,0xEE,0x50,Write,ACK
20.142955000000001,53,0xEE,0x45,Write,ACK
20.143055499999999,53,0xEE,0x41,Write,ACK
20.143156500000000,53,0xEE,0x54,Write,ACK
20.143257500000001,53,0xEE,0x45,Write,ACK
20.143520500000001,53,0xEE,0x52,Write,ACK
20.143623500000000,53,0xEE,0x0A,Write,ACK
20.143723999999999,53,0xEE,0x00,Write,ACK
20.143825000000000,53,0xEE,0x00,Write,ACK
20.143926000000000,53,0xEE,0x00,Write,ACK
20.144027000000001,53,0xEE,0xFD,Write,ACK
20.144127999999998,53,0xEE,0x00,Write,ACK
20.144228500000001,53,0xEE,0x16,Write,ACK
20.144329500000001,53,0xEE,0x94,Write,ACK
20.144430499999999,53,0xEE,0x0E,Write,ACK
20.144531499999999,53,0xEE,0x81,Write,ACK
20.144632000000001,53,0xEE,0x11,Write,ACK
20.144732999999999,53,0xEE,0x00,Write,ACK
20.144833999999999,53,0xEE,0x0A,Write,ACK
20.144935000000000,53,0xEE,0x20,Write,ACK
20.145036000000001,53,0xEE,0x20,Write,ACK
20.145136500000000,53,0xEE,0x20,Write,ACK
20.145237500000000,53,0xEE,0x20,Write,ACK
20.145338500000001,53,0xEE,0x20,Write,ACK
20.145439499999998,53,0xEE,0x20,Write,ACK
20.145540499999999,53,0xEE,0x01,Write,ACK
20.145641000000001,53,0xEE,0xA8,Write,ACK
20.146194999999999,54,0xEE,0x04,Write,ACK
20.146298000000002,54,0xEE,0x02,Write,ACK
20.146837999999999,55,0xEE,0x02,Write,ACK
20.146940499999999,55,0xEE,0x00,Write,ACK
20.147752499999999,56,0xEE,0x03,Write,ACK
20.147853500000000,56,0xEE,0x00,Write,ACK
20.147954500000001,56,0xEE,0xFF,Write,ACK
20.148054999999999,56,0xEE,0xFF,Write,ACK
20.148156000000000,56,0xEE,0xFF,Write,ACK
20.148257000000001,56,0xEE,0xFF,Write,ACK
20.148358000000002,56,0xEE,0xFF,Write,ACK
20.148458999999999,56,0xEE,0xFF,Write,ACK
20.148559500000001,56,0xEE,0x00,Write,ACK
20.148660499999998,56,0xEE,0x4D,Write,ACK
20.148761499999999,56,0xEE,0x29,Write,ACK
20.148862500000000,56,0xEE,0x34,Write,ACK
20.148963500000001,56,0xEE,0x93,Write,ACK
20.149063999999999,56,0xEE,0x01,Write,ACK
20.149165000000000,56,0xEE,0x00,Write,ACK
20.149266000000001,56,0xEE,0x00,Write,ACK
20.149367000000002,56,0xEE,0x00,Write,ACK
20.149467500000000,56,0xEE,0x00,Write,ACK
20.149568500000001,56,0xEE,0x14,Write,ACK
20.149669500000002,56,0xEE,0x01,Write,ACK
20.149770499999999,56,0xEE,0x03,Write,ACK
20.149871500000000,56,0xEE,0x80,Write,ACK
20.149972000000002,56,0xEE,0x00,Write,ACK
20.150072999999999,56,0xEE,0x00,Write,ACK
20.150174000000000,56,0xEE,0x78,Write,ACK
20.150275000000001,56,0xEE,0x0A,Write,ACK
20.150376000000001,56,0xEE,0xEE,Write,ACK
20.150476500000000,56,0xEE,0x91,Write,ACK
20.150577500000001,56,0xEE,0xA3,Write,ACK
20.150678500000001,56,0xEE,0x54,Write,ACK
20.150779499999999,56,0xEE,0x4C,Write,ACK
20.150880500000000,56,0xEE,0x99,Write,ACK
20.150981000000002,56,0xEE,0x26,Write,ACK
20.151081999999999,56,0xEE,0x0F,Write,ACK
20.151183000000000,56,0xEE,0x50,Write,ACK
20.151284000000000,56,0xEE,0x54,Write,ACK
20.151538500000001,56,0xEE,0x20,Write,ACK
20.151641500000000,56,0xEE,0x00,Write,ACK
20.151742500000001,56,0xEE,0x00,Write,ACK
20.151843499999998,56,0xEE,0x01,Write,ACK
20.151944499999999,56,0xEE,0x01,Write,ACK
20.152045000000001,56,0xEE,0x01,Write,ACK
20.152145999999998,56,0xEE,0x01,Write,ACK
20.152246999999999,56,0xEE,0x01,Write,ACK
20.152348000000000,56,0xEE,0x01,Write,ACK
20.152449000000001,56,0xEE,0x01,Write,ACK
20.152549499999999,56,0xEE,0x01,Write,ACK
20.152650500000000,56,0xEE,0x01,Write,ACK
20.152751500000001,56,0xEE,0x01,Write,ACK
20.152852500000002,56,0xEE,0x01,Write,ACK
20.152953000000000,56,0xEE,0x01,Write,ACK
20.153054000000001,56,0xEE,0x01,Write,ACK
20.153155000000002,56,0xEE,0x01,Write,ACK
20.153255999999999,56,0xEE,0x01,Write,ACK
20.153357000000000,56,0xEE,0x01,Write,ACK
20.153457499999998,56,0xEE,0x8C,Write,ACK
20.153558499999999,56,0xEE,0x0A,Write,ACK
20.153659500000000,56,0xEE,0xD0,Write,ACK
20.153760500000001,56,0xEE,0x8A,Write,ACK
20.153861500000001,56,0xEE,0x20,Write,ACK
20.153962000000000,56,0xEE,0xE0,Write,ACK
20.154063000000001,56,0xEE,0x2D,Write,ACK
20.154164000000002,56,0xEE,0x10,Write,ACK
20.154264999999999,56,0xEE,0x10,Write,ACK
20.154367499999999,56,0xEE,0x3E,Write,ACK
20.154468500000000,56,0xEE,0x96,Write,ACK
20.154569500000001,56,0xEE,0x00,Write,ACK
20.154670500000002,56,0xEE,0x78,Write,ACK
20.154771499999999,56,0xEE,0x5A,Write,ACK
20.154872000000001,56,0xEE,0x00,Write,ACK
20.154972999999998,56,0xEE,0x00,Write,ACK
20.155073999999999,56,0xEE,0x00,Write,ACK
20.155175000000000,56,0xEE,0x18,Write,ACK
20.155276000000001,56,0xEE,0x8C,Write,ACK
20.155520500000002,56,0xEE,0x0A,Write,ACK
20.155623500000001,56,0xEE,0xD0,Write,ACK
20.155724500000002,56,0xEE,0x90,Write,ACK
20.155825499999999,56,0xEE,0x20,Write,ACK
20.155926000000001,56,0xEE,0x40,Write,ACK
20.156027000000002,56,0xEE,0x31,Write,ACK
20.156127999999999,56,0xEE,0x20,Write,ACK
20.156229000000000,56,0xEE,0x0C,Write,ACK
20.156330000000001,56,0xEE,0x40,Write,ACK
20.156430499999999,56,0xEE,0x55,Write,ACK
20.156531500000000,56,0xEE,0x00,Write,ACK
20.156632500000001,56,0xEE,0x78,Write,ACK
20.156733500000001,56,0xEE,0x5A,Write,ACK
20.156834499999999,56,0xEE,0x00,Write,ACK
20.156935000000001,56,0xEE,0x00,Write,ACK
20.157036000000002,56,0xEE,0x00,Write,ACK
20.157136999999999,56,0xEE,0x18,Write,ACK
20.157238000000000,56,0xEE,0x00,Write,ACK
20.157338500000002,56,0xEE,0x00,Write,ACK
20.157439499999999,56,0xEE,0x00,Write,ACK
20.157540500000000,56,0xEE,0xFC,Write,ACK
20.157641500000000,56,0xEE,0x00,Write,ACK
20.157742500000001,56,0xEE,0x53,Write,ACK
20.157843000000000,56,0xEE,0x49,Write,ACK
20.157944000000001,56,0xEE,0x49,Write,ACK
20.158045000000001,56,0xEE,0x20,Write,ACK
20.158145999999999,56,0xEE,0x52,Write,ACK
20.158246999999999,56,0xEE,0x45,Write,ACK
20.158347500000001,56,0xEE,0x50,Write,ACK
20.158448499999999,56,0xEE,0x45,Write,ACK
20.158549499999999,56,0xEE,0x41,Write,ACK
20.158650500000000,56,0xEE,0x54,Write,ACK
20.158751500000001,56,0xEE,0x45,Write,ACK
20.158852000000000,56,0xEE,0x52,Write,ACK
20.158953000000000,56,0xEE,0x0A,Write,ACK
20.159054000000001,56,0xEE,0x00,Write,ACK
20.159154999999998,56,0xEE,0x00,Write,ACK
20.159255500000000,56,0xEE,0x00,Write,ACK
20.159520499999999,56,0xEE,0xFD,Write,ACK
20.159623499999999,56,0xEE,0x00,Write,ACK
20.159724499999999,56,0xEE,0x16,Write,ACK
20.159825500000000,56,0xEE,0x94,Write,ACK
20.159925999999999,56,0xEE,0x0E,Write,ACK
20.160026999999999,56,0xEE,0x81,Write,ACK
20.160128000000000,56,0xEE,0x11,Write,ACK
20.160229000000001,56,0xEE,0x00,Write,ACK
20.160329999999998,56,0xEE,0x0A,Write,ACK
20.160430500000000,56,0xEE,0x20,Write,ACK
20.160531500000001,56,0xEE,0x20,Write,ACK
20.160632499999998,56,0xEE,0x20,Write,ACK
20.160733499999999,56,0xEE,0x20,Write,ACK
20.160834000000001,56,0xEE,0x20,Write,ACK
20.160934999999998,56,0xEE,0x20,Write,ACK
20.161035999999999,56,0xEE,0x01,Write,ACK
20.161137000000000,56,0xEE,0xA8,Write,ACK
20.161687000000001,57,0xEE,0x04,Write,ACK
20.161787499999999,57,0xEE,0x04,Write,ACK
20.162331500000001,58,0xEE,0x02,Write,ACK
20.162434500000000,58,0xEE,0x00,Write,ACK
20.163002500000001,59,0xEE,0x03,Write,ACK
20.163103000000000,59,0xEE,0x00,Write,ACK
20.163204000000000,59,0xEE,0xFF,Write,ACK
20.163305000000001,59,0xEE,0xFF,Write,ACK
20.163542000000000,59,0xEE,0xFF,Write,ACK
20.163644999999999,59,0xEE,0xFF,Write,ACK
20.163745500000001,59,0xEE,0xFF,Write,ACK
20.163846499999998,59,0xEE,0xFF,Write,ACK
20.163947499999999,59,0xEE,0x00,Write,ACK
20.164048500000000,59,0xEE,0x4D,Write,ACK
20.164148999999998,59,0xEE,0x29,Write,ACK
20.164249999999999,59,0xEE,0x34,Write,ACK
20.164351000000000,59,0xEE,0x93,Write,ACK
20.164452000000001,59,0xEE,0x01,Write,ACK
20.164553000000002,59,0xEE,0x00,Write,ACK
20.164653500000000,59,0xEE,0x00,Write,ACK
20.164754500000001,59,0xEE,0x00,Write,ACK
20.164855500000002,59,0xEE,0x00,Write,ACK
20.164956499999999,59,0xEE,0x14,Write,ACK
20.165057500000000,59,0xEE,0x01,Write,ACK
20.165158000000002,59,0xEE,0x03,Write,ACK
20.165258999999999,59,0xEE,0x80,Write,ACK
20.165360000000000,59,0xEE,0x00,Write,ACK
20.165461000000001,59,0xEE,0x00,Write,ACK
20.165561499999999,59,0xEE,0x78,Write,ACK
20.165662500000000,59,0xEE,0x0A,Write,ACK
20.165763500000001,59,0xEE,0xEE,Write,ACK
20.165864500000001,59,0xEE,0x91,Write,ACK
20.165965499999999,59,0xEE,0xA3,Write,ACK
20.166066000000001,59,0xEE,0x54,Write,ACK
20.166167000000002,59,0xEE,0x4C,Write,ACK
20.166267999999999,59,0xEE,0x99,Write,ACK
20.166369000000000,59,0xEE,0x26,Write,ACK
20.166470000000000,59,0xEE,0x0F,Write,ACK
20.166570499999999,59,0xEE,0x50,Write,ACK
20.166671500000000,59,0xEE,0x54,Write,ACK
20.166772500000000,59,0xEE,0x20,Write,ACK
20.166873500000001,59,0xEE,0x00,Write,ACK
20.166974000000000,59,0xEE,0x00,Write,ACK
20.167075000000001,59,0xEE,0x01,Write,ACK
20.167176000000001,59,0xEE,0x01,Write,ACK
20.167276999999999,59,0xEE,0x01,Write,ACK
20.167520000000000,59,0xEE,0x01,Write,ACK
20.167622500000000,59,0xEE,0x01,Write,ACK
20.167723500000001,59,0xEE,0x01,Write,ACK
20.167824499999998,59,0xEE,0x01,Write,ACK
20.167925499999999,59,0xEE,0x01,Write,ACK
20.168026500000000,59,0xEE,0x01,Write,ACK
20.168126999999998,59,0xEE,0x01,Write,ACK
20.168227999999999,59,0xEE,0x01,Write,ACK
20.168329000000000,59,0xEE,0x01,Write,ACK
20.168430000000001,59,0xEE,0x01,Write,ACK
20.168531000000002,59,0xEE,0x01,Write,ACK
20.168631500000000,59,0xEE,0x01,Write,ACK
20.168732500000001,59,0xEE,0x01,Write,ACK
20.168833500000002,59,0xEE,0x8C,Write,ACK
20.168934499999999,59,0xEE,0x0A,Write,ACK
20.169035000000001,59,0xEE,0xD0,Write,ACK
20.169136000000002,59,0xEE,0x8A,Write,ACK
20.169236999999999,59,0xEE,0x20,Write,ACK
20.169338000000000,59,0xEE,0xE0,Write,ACK
20.169439000000001,59,0xEE,0x2D,Write,ACK
20.169539499999999,59,0xEE,0x10,Write,ACK
20.169640500000000,59,0xEE,0x10,Write,ACK
20.169743499999999,59,0xEE,0x3E,Write,ACK
20.169844500000000,59,0xEE,0x96,Write,ACK
20.169945500000001,59,0xEE,0x00,Write,ACK
20.170045999999999,59,0xEE,0x78,Write,ACK
20.170147000000000,59,0xEE,0x5A,Write,ACK
20.170248000000001,59,0xEE,0x00,Write,ACK
20.170349000000002,59,0xEE,0x00,Write,ACK
20.170449500000000,59,0xEE,0x00,Write,ACK
20.170550500000001,59,0xEE,0x18,Write,ACK
20.170651500000002,59,0xEE,0x8C,Write,ACK
20.170752499999999,59,0xEE,0x0A,Write,ACK
20.170853500000000,59,0xEE,0xD0,Write,ACK
20.170953999999998,59,0xEE,0x90,Write,ACK
20.171054999999999,59,0xEE,0x20,Write,ACK
20.171156000000000,59,0xEE,0x40,Write,ACK
20.171257000000001,59,0xEE,0x31,Write,ACK
20.171520000000001,59,0xEE,0x20,Write,ACK
20.171622500000002,59,0xEE,0x0C,Write,ACK
20.171723499999999,59,0xEE,0x40,Write,ACK
20.171824500000000,59,0xEE,0x55,Write,ACK
20.171925500000000,59,0xEE,0x00,Write,ACK
20.172025999999999,59,0xEE,0x78,Write,ACK
20.172127000000000,59,0xEE,0x5A,Write,ACK
20.172228000000000,59,0xEE,0x00,Write,ACK
20.172329000000001,59,0xEE,0x00,Write,ACK
20.172429999999999,59,0xEE,0x00,Write,ACK
20.172530500000001,59,0xEE,0x18,Write,ACK
20.172631500000001,59,0xEE,0x00,Write,ACK
20.172732499999999,59,0xEE,0x00,Write,ACK
20.172833499999999,59,0xEE,0x00,Write,ACK
20.172934500000000,59,0xEE,0xFC,Write,ACK
20.173034999999999,59,0xEE,0x00,Write,ACK
20.173136000000000,59,0xEE,0x53,Write,ACK
20.173237000000000,59,0xEE,0x49,Write,ACK
20.173338000000001,59,0xEE,0x49,Write,ACK
20.173438500000000,59,0xEE,0x20,Write,ACK
20.173539500000000,59,0xEE,0x52,Write,ACK
20.173640500000001,59,0xEE,0x45,Write,ACK
20.173741499999998,59,0xEE,0x50,Write,ACK
20.173842499999999,59,0xEE,0x45,Write,ACK
20.173943000000001,59,0xEE,0x41,Write,ACK
20.174043999999999,59,0xEE,0x54,Write,ACK
20.174144999999999,59,0xEE,0x45,Write,ACK
20.174246000000000,59,0xEE,0x52,Write,ACK
20.174347000000001,59,0xEE,0x0A,Write,ACK
20.174447499999999,59,0xEE,0x00,Write,ACK
20.174548500000000,59,0xEE,0x00,Write,ACK
20.174649500000001,59,0xEE,0x00,Write,ACK
20.174750499999998,59,0xEE,0xFD,Write,ACK
20.174851499999999,59,0xEE,0x00,Write,ACK
20.174952000000001,59,0xEE,0x16,Write,ACK
20.175052999999998,59,0xEE,0x94,Write,ACK
20.175153999999999,59,0xEE,0x0E,Write,ACK
20.175255000000000,59,0xEE,0x81,Write,ACK
20.175519500000000,59,0xEE,0x11,Write,ACK
20.175624500000001,59,0xEE,0x00,Write,ACK
20.175725499999999,59,0xEE,0x0A,Write,ACK
20.175826499999999,59,0xEE,0x20,Write,ACK
20.175927500000000,59,0xEE,0x20,Write,ACK
20.176027999999999,59,0xEE,0x20,Write,ACK
20.176129000000000,59,0xEE,0x20,Write,ACK
20.176230000000000,59,0xEE,0x20,Write,ACK
20.176331000000001,59,0xEE,0x20,Write,ACK
20.176431999999998,59,0xEE,0x01,Write,ACK
20.176534499999999,59,0xEE,0xA8,Write,ACK
20.177086500000001,60,0xEE,0x04,Write,ACK
20.177189500000001,60,0xEE,0x08,Write,ACK
20.177733499999999,61,0xEE,0x02,Write,ACK
20.177835999999999,61,0xEE,0x00,Write,ACK
20.178408000000001,62,0xEE,0x03,Write,ACK
20.178511000000000,62,0xEE,0x00,Write,ACK
20.178612000000001,62,0xEE,0xFF,Write,ACK
20.178712500000000,62,0xEE,0xFF,Write,ACK
20.178813500000000,62,0xEE,0xFF,Write,ACK
20.178914500000001,62,0xEE,0xFF,Write,ACK
20.179015499999998,62,0xEE,0xFF,Write,ACK
20.179116499999999,62,0xEE,0xFF,Write,ACK
20.179217000000001,62,0xEE,0x00,Write,ACK
20.179317999999999,62,0xEE,0x4D,Write,ACK
20.179541000000000,62,0xEE,0x29,Write,ACK
20.179646000000002,62,0xEE,0x34,Write,ACK
20.179746500000000,62,0xEE,0x93,Write,ACK
20.179847500000001,62,0xEE,0x01,Write,ACK
20.179948499999998,62,0xEE,0x00,Write,ACK
20.180049499999999,62,0xEE,0x00,Write,ACK
20.180150500000000,62,0xEE,0x00,Write,ACK
20.180250999999998,62,0xEE,0x00,Write,ACK
20.180351999999999,62,0xEE,0x14,Write,ACK
20.180453000000000,62,0xEE,0x01,Write,ACK
20.180554000000001,62,0xEE,0x03,Write,ACK
20.180655000000002,62,0xEE,0x80,Write,ACK
20.180755500000000,62,0xEE,0x00,Write,ACK
20.180856500000001,62,0xEE,0x00,Write,ACK
20.180957500000002,62,0xEE,0x78,Write,ACK
20.181058499999999,62,0xEE,0x0A,Write,ACK
20.181159500000000,62,0xEE,0xEE,Write,ACK
20.181260000000002,62,0xEE,0x91,Write,ACK
20.181360999999999,62,0xEE,0xA3,Write,ACK
20.181462000000000,62,0xEE,0x54,Write,ACK
20.181563000000001,62,0xEE,0x4C,Write,ACK
20.181663499999999,62,0xEE,0x99,Write,ACK
20.181764500000000,62,0xEE,0x26,Write,ACK
20.181865500000001,62,0xEE,0x0F,Write,ACK
20.181966500000001,62,0xEE,0x50,Write,ACK
20.182067499999999,62,0xEE,0x54,Write,ACK
20.182168000000001,62,0xEE,0x20,Write,ACK
20.182269000000002,62,0xEE,0x00,Write,ACK
20.182369999999999,62,0xEE,0x00,Write,ACK
20.182471000000000,62,0xEE,0x01,Write,ACK
20.182572000000000,62,0xEE,0x01,Write,ACK
20.182672499999999,62,0xEE,0x01,Write,ACK
20.182773500000000,62,0xEE,0x01,Write,ACK
20.182874500000000,62,0xEE,0x01,Write,ACK
20.182975500000001,62,0xEE,0x01,Write,ACK
20.183076000000000,62,0xEE,0x01,Write,ACK
20.183177000000001,62,0xEE,0x01,Write,ACK
20.183278000000001,62,0xEE,0x01,Write,ACK
20.183519000000000,62,0xEE,0x01,Write,ACK
20.183623999999998,62,0xEE,0x01,Write,ACK
20.183724500000000,62,0xEE,0x01,Write,ACK
20.183825500000001,62,0xEE,0x01,Write,ACK
20.183926499999998,62,0xEE,0x01,Write,ACK
20.184027499999999,62,0xEE,0x01,Write,ACK
20.184128500000000,62,0xEE,0x01,Write,ACK
20.184228999999998,62,0xEE,0x8C,Write,ACK
20.184329999999999,62,0xEE,0x0A,Write,ACK
20.184431000000000,62,0xEE,0xD0,Write,ACK
20.184532000000001,62,0xEE,0x8A,Write,ACK
20.184632499999999,62,0xEE,0x20,Write,ACK
20.184733500000000,62,0xEE,0xE0,Write,ACK
20.184834500000001,62,0xEE,0x2D,Write,ACK
20.184935500000002,62,0xEE,0x10,Write,ACK
20.185036499999999,62,0xEE,0x10,Write,ACK
20.185138999999999,62,0xEE,0x3E,Write,ACK
20.185240000000000,62,0xEE,0x96,Write,ACK
20.185341000000001,62,0xEE,0x00,Write,ACK
20.185441999999998,62,0xEE,0x78,Write,ACK
20.185542999999999,62,0xEE,0x5A,Write,ACK
20.185643500000001,62,0xEE,0x00,Write,ACK
20.185744499999998,62,0xEE,0x00,Write,ACK
20.185845499999999,62,0xEE,0x00,Write,ACK
20.185946500000000,62,0xEE,0x18,Write,ACK
20.186047500000001,62,0xEE,0x8C,Write,ACK
20.186147999999999,62,0xEE,0x0A,Write,ACK
20.186249000000000,62,0xEE,0xD0,Write,ACK
20.186350000000001,62,0xEE,0x90,Write,ACK
20.186451000000002,62,0xEE,0x20,Write,ACK
20.186551500000000,62,0xEE,0x40,Write,ACK
20.186652500000001,62,0xEE,0x31,Write,ACK
20.186753499999998,62,0xEE,0x20,Write,ACK
20.186854499999999,62,0xEE,0x0C,Write,ACK
20.186955500000000,62,0xEE,0x40,Write,ACK
20.187055999999998,62,0xEE,0x55,Write,ACK
20.187156999999999,62,0xEE,0x00,Write,ACK
20.187258000000000,62,0xEE,0x78,Write,ACK
20.187519000000002,62,0xEE,0x5A,Write,ACK
20.187624000000000,62,0xEE,0x00,Write,ACK
20.187724500000002,62,0xEE,0x00,Write,ACK
20.187825499999999,62,0xEE,0x00,Write,ACK
20.187926500000000,62,0xEE,0x18,Write,ACK
20.188027500000000,62,0xEE,0x00,Write,ACK
20.188127999999999,62,0xEE,0x00,Write,ACK
20.188229000000000,62,0xEE,0x00,Write,ACK
20.188330000000001,62,0xEE,0xFC,Write,ACK
20.188431000000001,62,0xEE,0x00,Write,ACK
20.188531999999999,62,0xEE,0x53,Write,ACK
20.188632500000001,62,0xEE,0x49,Write,ACK
20.188733500000001,62,0xEE,0x49,Write,ACK
20.188834499999999,62,0xEE,0x20,Write,ACK
20.188935499999999,62,0xEE,0x52,Write,ACK
20.189036500000000,62,0xEE,0x45,Write,ACK
20.189136999999999,62,0xEE,0x50,Write,ACK
20.189238000000000,62,0xEE,0x45,Write,ACK
20.189339000000000,62,0xEE,0x41,Write,ACK
20.189440000000001,62,0xEE,0x54,Write,ACK
20.189540500000000,62,0xEE,0x45,Write,ACK
20.189641500000000,62,0xEE,0x52,Write,ACK
20.189742500000001,62,0xEE,0x0A,Write,ACK
20.189843499999998,62,0xEE,0x00,Write,ACK
20.189944499999999,62,0xEE,0x00,Write,ACK
20.190045000000001,62,0xEE,0x00,Write,ACK
20.190145999999999,62,0xEE,0xFD,Write,ACK
20.190246999999999,62,0xEE,0x00,Write,ACK
20.190348000000000,62,0xEE,0x16,Write,ACK
20.190449000000001,62,0xEE,0x94,Write,ACK
20.190549499999999,62,0xEE,0x0E,Write,ACK
20.190650500000000,62,0xEE,0x81,Write,ACK
20.190751500000001,62,0xEE,0x11,Write,ACK
20.190852499999998,62,0xEE,0x00,Write,ACK
20.190953000000000,62,0xEE,0x0A,Write,ACK
20.191054000000001,62,0xEE,0x20,Write,ACK
20.191154999999998,62,0xEE,0x20,Write,ACK
20.191255999999999,62,0xEE,0x20,Write,ACK
20.191517000000001,62,0xEE,0x20,Write,ACK
20.191621500000000,62,0xEE,0x20,Write,ACK
20.191722500000001,62,0xEE,0x20,Write,ACK
20.191823500000002,62,0xEE,0x01,Write,ACK
20.191924499999999,62,0xEE,0xA8,Write,ACK
20.192476500000001,63,0xEE,0x01,Write,ACK
20.192577000000000,63,0xEE,0x0F,Write,ACK
20.193242999999999,64,0xEE,0x01,Write,ACK
20.193345999999998,64,0xEE,0x00,Write,ACK
20.193888000000001,65,0xEE,0x13,Write,ACK
20.193990500000002,65,0xEE,0xFF,Write,ACK
20.194548500000000,66,0xEE,0x04,Write,ACK
20.194649500000001,66,0xEE,0x01,Write,ACK
20.195195500000001,67,0xEE,0x02,Write,ACK
20.195298000000001,67,0xEE,0x80,Write,ACK
20.196045999999999,68,0xEE,0x03,Write,ACK
20.196147000000000,68,0xEE,0x02,Write,ACK
20.196248000000001,68,0xEE,0x03,Write,ACK
20.196348499999999,68,0xEE,0x29,Write,ACK
20.196449500000000,68,0xEE,0x76,Write,ACK
20.196550500000001,68,0xEE,0x4F,Write,ACK
20.196651500000002,68,0xEE,0x82,Write,ACK
20.196752499999999,68,0xEE,0x91,Write,ACK
20.196853000000001,68,0xEE,0x83,Write,ACK
20.196954000000002,68,0xEE,0x92,Write,ACK
20.197054999999999,68,0xEE,0x84,Write,ACK
20.197156000000000,68,0xEE,0x93,Write,ACK
20.197256500000002,68,0xEE,0x85,Write,ACK
20.197357499999999,68,0xEE,0x94,Write,ACK
20.197458500000000,68,0xEE,0x86,Write,ACK
20.197559500000001,68,0xEE,0x95,Write,ACK
20.197660500000001,68,0xEE,0x87,Write,ACK
20.197761000000000,68,0xEE,0x96,Write,ACK
20.197862000000001,68,0xEE,0x90,Write,ACK
20.197963000000001,68,0xEE,0x9F,Write,ACK
20.198063999999999,68,0xEE,0x81,Write,ACK
20.198164999999999,68,0xEE,0x23,Write,ACK
20.198265500000002,68,0xEE,0x0F,Write,ACK
20.198366499999999,68,0xEE,0x7F,Write,ACK
20.198467500000000,68,0xEE,0x07,Write,ACK
20.198568500000000,68,0xEE,0x23,Write,ACK
20.198669500000001,68,0xEE,0x4D,Write,ACK
20.198770000000000,68,0xEE,0x02,Write,ACK
20.198871000000000,68,0xEE,0x00,Write,ACK
20.198972000000001,68,0xEE,0x83,Write,ACK
20.199072999999999,68,0xEE,0x4F,Write,ACK
20.199173500000001,68,0xEE,0x00,Write,ACK
20.199274500000001,68,0xEE,0x00,Write,ACK
20.199537500000002,68,0xEE,0x68,Write,ACK
20.199642500000000,68,0xEE,0x03,Write,ACK
20.199743500000000,68,0xEE,0x0C,Write,ACK
20.199843999999999,68,0xEE,0x00,Write,ACK
20.199945000000000,68,0xEE,0x10,Write,ACK
20.200046000000000,68,0xEE,0x00,Write,ACK
20.200147000000001,68,0xEE,0x80,Write,ACK
20.200247999999998,68,0xEE,0x2D,Write,ACK
20.200348500000000,68,0xEE,0x00,Write,ACK
20.200449500000001,68,0xEE,0x8C,Write,ACK
20.200550499999999,68,0xEE,0x0A,Write,ACK
20.200651499999999,68,0xEE,0xD0,Write,ACK
20.200752000000001,68,0xEE,0x8A,Write,ACK
20.200852999999999,68,0xEE,0x20,Write,ACK
20.200953999999999,68,0xEE,0xE0,Write,ACK
20.201055000000000,68,0xEE,0x2D,Write,ACK
20.201156000000001,68,0xEE,0x10,Write,ACK
20.201256500000000,68,0xEE,0x10,Write,ACK
20.201357500000000,68,0xEE,0x3E,Write,ACK
20.201458500000001,68,0xEE,0x96,Write,ACK
20.201559499999998,68,0xEE,0x00,Write,ACK
20.201660499999999,68,0xEE,0xA0,Write,ACK
20.201761000000001,68,0xEE,0x5A,Write,ACK
20.201861999999998,68,0xEE,0x00,Write,ACK
20.201962999999999,68,0xEE,0x00,Write,ACK
20.202064000000000,68,0xEE,0x00,Write,ACK
20.202164499999999,68,0xEE,0x18,Write,ACK
20.202265499999999,68,0xEE,0x8C,Write,ACK
20.202366500000000,68,0xEE,0x0A,Write,ACK
20.202467500000001,68,0xEE,0xD0,Write,ACK
20.202568500000002,68,0xEE,0x90,Write,ACK
20.202670999999999,68,0xEE,0x20,Write,ACK
20.202772000000000,68,0xEE,0x40,Write,ACK
20.202873000000000,68,0xEE,0x31,Write,ACK
20.202974000000001,68,0xEE,0x20,Write,ACK
20.203074999999998,68,0xEE,0x0C,Write,ACK
20.203175500000000,68,0xEE,0x40,Write,ACK
20.203276500000001,68,0xEE,0x55,Write,ACK
20.203517500000000,68,0xEE,0x00,Write,ACK
20.203622500000002,68,0xEE,0xA0,Write,ACK
20.203723000000000,68,0xEE,0x5A,Write,ACK
20.203824000000001,68,0xEE,0x00,Write,ACK
20.203925000000002,68,0xEE,0x00,Write,ACK
20.204025999999999,68,0xEE,0x00,Write,ACK
20.204127000000000,68,0xEE,0x18,Write,ACK
20.204227499999998,68,0xEE,0x01,Write,ACK
20.204328499999999,68,0xEE,0x1D,Write,ACK
20.204429500000000,68,0xEE,0x00,Write,ACK
20.204530500000001,68,0xEE,0x72,Write,ACK
20.204631500000001,68,0xEE,0x51,Write,ACK
20.204732000000000,68,0xEE,0xD0,Write,ACK
20.204833000000001,68,0xEE,0x1E,Write,ACK
20.204934000000002,68,0xEE,0x20,Write,ACK
20.205034999999999,68,0xEE,0x6E,Write,ACK
20.205136000000000,68,0xEE,0x28,Write,ACK
20.205236500000002,68,0xEE,0x55,Write,ACK
20.205337499999999,68,0xEE,0x00,Write,ACK
20.205438500000000,68,0xEE,0xA0,Write,ACK
20.205539500000000,68,0xEE,0x5A,Write,ACK
20.205639999999999,68,0xEE,0x00,Write,ACK
20.205741000000000,68,0xEE,0x00,Write,ACK
20.205842000000001,68,0xEE,0x00,Write,ACK
20.205943000000001,68,0xEE,0x1E,Write,ACK
20.206046000000001,68,0xEE,0x01,Write,ACK
20.206146499999999,68,0xEE,0x1D,Write,ACK
20.206247500000000,68,0xEE,0x00,Write,ACK
20.206348500000001,68,0xEE,0xBC,Write,ACK
20.206449500000002,68,0xEE,0x52,Write,ACK
20.206550499999999,68,0xEE,0xD0,Write,ACK
20.206651000000001,68,0xEE,0x1E,Write,ACK
20.206752000000002,68,0xEE,0x20,Write,ACK
20.206852999999999,68,0xEE,0xB8,Write,ACK
20.206954000000000,68,0xEE,0x28,Write,ACK
20.207054500000002,68,0xEE,0x55,Write,ACK
20.207155499999999,68,0xEE,0x40,Write,ACK
20.207256500000000,68,0xEE,0xA0,Write,ACK
20.207517500000002,68,0xEE,0x5A,Write,ACK
20.207622499999999,68,0xEE,0x00,Write,ACK
20.207723000000001,68,0xEE,0x00,Write,ACK
20.207823999999999,68,0xEE,0x00,Write,ACK
20.207924999999999,68,0xEE,0x1E,Write,ACK
20.208026000000000,68,0xEE,0x00,Write,ACK
20.208127000000001,68,0xEE,0x00,Write,ACK
20.208227500000000,68,0xEE,0x00,Write,ACK
20.208328500000000,68,0xEE,0x00,Write,ACK
20.208429500000001,68,0xEE,0x00,Write,ACK
20.208530499999998,68,0xEE,0x00,Write,ACK
20.208631000000000,68,0xEE,0x00,Write,ACK
20.208732000000001,68,0xEE,0x00,Write,ACK
20.208832999999998,68,0xEE,0x00,Write,ACK
20.208933999999999,68,0xEE,0x00,Write,ACK
20.209035000000000,68,0xEE,0x00,Write,ACK
20.209135499999999,68,0xEE,0x00,Write,ACK
20.209236499999999,68,0xEE,0x00,Write,ACK
20.209337500000000,68,0xEE,0x00,Write,ACK
20.209438500000001,68,0xEE,0x67,Write,ACK
20.209988500000001,69,0xEE,0x04,Write,ACK
20.210090999999998,69,0xEE,0x02,Write,ACK
20.210635000000000,70,0xEE,0x02,Write,ACK
20.210737999999999,70,0xEE,0x80,Write,ACK
20.211312000000000,71,0xEE,0x03,Write,ACK
20.211538500000000,71,0xEE,0x02,Write,ACK
20.211643500000001,71,0xEE,0x03,Write,ACK
20.211744499999998,71,0xEE,0x29,Write,ACK
20.211845499999999,71,0xEE,0x76,Write,ACK
20.211946000000001,71,0xEE,0x4F,Write,ACK
20.212046999999998,71,0xEE,0x82,Write,ACK
20.212147999999999,71,0xEE,0x91,Write,ACK
20.212249000000000,71,0xEE,0x83,Write,ACK
20.212350000000001,71,0xEE,0x92,Write,ACK
20.212450499999999,71,0xEE,0x84,Write,ACK
20.212551500000000,71,0xEE,0x93,Write,ACK
20.212652500000001,71,0xEE,0x85,Write,ACK
20.212753500000002,71,0xEE,0x94,Write,ACK
20.212854499999999,71,0xEE,0x86,Write,ACK
20.212955000000001,71,0xEE,0x95,Write,ACK
20.213056000000002,71,0xEE,0x87,Write,ACK
20.213156999999999,71,0xEE,0x96,Write,ACK
20.213258000000000,71,0xEE,0x90,Write,ACK
20.213358499999998,71,0xEE,0x9F,Write,ACK
20.213459499999999,71,0xEE,0x81,Write,ACK
20.213560500000000,71,0xEE,0x23,Write,ACK
20.213661500000001,71,0xEE,0x0F,Write,ACK
20.213762500000001,71,0xEE,0x7F,Write,ACK
20.213863000000000,71,0xEE,0x07,Write,ACK
20.213964000000001,71,0xEE,0x23,Write,ACK
20.214065000000002,71,0xEE,0x4D,Write,ACK
20.214165999999999,71,0xEE,0x02,Write,ACK
20.214267000000000,71,0xEE,0x00,Write,ACK
20.214367500000002,71,0xEE,0x83,Write,ACK
20.214468499999999,71,0xEE,0x4F,Write,ACK
20.214569500000000,71,0xEE,0x00,Write,ACK
20.214670500000000,71,0xEE,0x00,Write,ACK
20.214770999999999,71,0xEE,0x68,Write,ACK
20.214872000000000,71,0xEE,0x03,Write,ACK
20.214973000000001,71,0xEE,0x0C,Write,ACK
20.215074000000001,71,0xEE,0x00,Write,ACK
20.215174999999999,71,0xEE,0x20,Write,ACK
20.215275500000001,71,0xEE,0x00,Write,ACK
20.215516500000000,71,0xEE,0x80,Write,ACK
20.215621500000001,71,0xEE,0x2D,Write,ACK
20.215722499999998,71,0xEE,0x00,Write,ACK
20.215823499999999,71,0xEE,0x8C,Write,ACK
20.215924000000001,71,0xEE,0x0A,Write,ACK
20.216024999999998,71,0xEE,0xD0,Write,ACK
20.216125999999999,71,0xEE,0x8A,Write,ACK
20.216227000000000,71,0xEE,0x20,Write,ACK
20.216327499999998,71,0xEE,0xE0,Write,ACK
20.216428499999999,71,0xEE,0x2D,Write,ACK
20.216529500000000,71,0xEE,0x10,Write,ACK
20.216630500000001,71,0xEE,0x10,Write,ACK
20.216731500000002,71,0xEE,0x3E,Write,ACK
20.216832000000000,71,0xEE,0x96,Write,ACK
20.216933000000001,71,0xEE,0x00,Write,ACK
20.217034000000002,71,0xEE,0xA0,Write,ACK
20.217134999999999,71,0xEE,0x5A,Write,ACK
20.217236000000000,71,0xEE,0x00,Write,ACK
20.217336499999998,71,0xEE,0x00,Write,ACK
20.217437499999999,71,0xEE,0x00,Write,ACK
20.217538500000000,71,0xEE,0x18,Write,ACK
20.217639500000001,71,0xEE,0x8C,Write,ACK
20.217740500000001,71,0xEE,0x0A,Write,ACK
20.217841000000000,71,0xEE,0xD0,Write,ACK
20.217942000000001,71,0xEE,0x90,Write,ACK
20.218045000000000,71,0xEE,0x20,Write,ACK
20.218146000000001,71,0xEE,0x40,Write,ACK
20.218246499999999,71,0xEE,0x31,Write,ACK
20.218347500000000,71,0xEE,0x20,Write,ACK
20.218448500000001,71,0xEE,0x0C,Write,ACK
20.218549500000002,71,0xEE,0x40,Write,ACK
20.218650499999999,71,0xEE,0x55,Write,ACK
20.218751000000001,71,0xEE,0x00,Write,ACK
20.218851999999998,71,0xEE,0xA0,Write,ACK
20.218952999999999,71,0xEE,0x5A,Write,ACK
20.219054000000000,71,0xEE,0x00,Write,ACK
20.219155000000001,71,0xEE,0x00,Write,ACK
20.219255499999999,71,0xEE,0x00,Write,ACK
20.219516500000001,71,0xEE,0x18,Write,ACK
20.219621499999999,71,0xEE,0x01,Write,ACK
20.219722500000000,71,0xEE,0x1D,Write,ACK
20.219823000000002,71,0xEE,0x00,Write,ACK
20.219923999999999,71,0xEE,0x72,Write,ACK
20.220025000000000,71,0xEE,0x51,Write,ACK
20.220126000000000,71,0xEE,0xD0,Write,ACK
20.220227000000001,71,0xEE,0x1E,Write,ACK
20.220327500000000,71,0xEE,0x20,Write,ACK
20.220428500000001,71,0xEE,0x6E,Write,ACK
20.220529500000001,71,0xEE,0x28,Write,ACK
20.220630499999999,71,0xEE,0x55,Write,ACK
20.220731499999999,71,0xEE,0x00,Write,ACK
20.220832000000001,71,0xEE,0xA0,Write,ACK
20.220932999999999,71,0xEE,0x5A,Write,ACK
20.221034000000000,71,0xEE,0x00,Write,ACK
20.221135000000000,71,0xEE,0x00,Write,ACK
20.221235499999999,71,0xEE,0x00,Write,ACK
20.221336500000000,71,0xEE,0x1E,Write,ACK
20.221437500000000,71,0xEE,0x01,Write,ACK
20.221538500000001,71,0xEE,0x1D,Write,ACK
20.221639499999998,71,0xEE,0x00,Write,ACK
20.221740000000000,71,0xEE,0xBC,Write,ACK
20.221841000000001,71,0xEE,0x52,Write,ACK
20.221941999999999,71,0xEE,0xD0,Write,ACK
20.222042999999999,71,0xEE,0x1E,Write,ACK
20.222144000000000,71,0xEE,0x20,Write,ACK
20.222244499999999,71,0xEE,0xB8,Write,ACK
20.222345499999999,71,0xEE,0x28,Write,ACK
20.222446500000000,71,0xEE,0x55,Write,ACK
20.222547500000001,71,0xEE,0x40,Write,ACK
20.222648499999998,71,0xEE,0xA0,Write,ACK
20.222749000000000,71,0xEE,0x5A,Write,ACK
20.222850000000001,71,0xEE,0x00,Write,ACK
20.222950999999998,71,0xEE,0x00,Write,ACK
20.223051999999999,71,0xEE,0x00,Write,ACK
20.223152500000001,71,0xEE,0x1E,Write,ACK
20.223253499999998,71,0xEE,0x00,Write,ACK
20.223516499999999,71,0xEE,0x00,Write,ACK
20.223621500000000,71,0xEE,0x00,Write,ACK
20.223722500000001,71,0xEE,0x00,Write,ACK
20.223822999999999,71,0xEE,0x00,Write,ACK
20.223924000000000,71,0xEE,0x00,Write,ACK
20.224025000000001,71,0xEE,0x00,Write,ACK
20.224125999999998,71,0xEE,0x00,Write,ACK
20.224226999999999,71,0xEE,0x00,Write,ACK
20.224327500000001,71,0xEE,0x00,Write,ACK
20.224428499999998,71,0xEE,0x00,Write,ACK
20.224529499999999,71,0xEE,0x00,Write,ACK
20.224630500000000,71,0xEE,0x00,Write,ACK
20.224730999999998,71,0xEE,0x00,Write,ACK
20.224834000000001,71,0xEE,0x57,Write,ACK
20.225383999999998,72,0xEE,0x04,Write,ACK
20.225487000000001,72,0xEE,0x04,Write,ACK
20.226030500000000,73,0xEE,0x02,Write,ACK
20.226131500000001,73,0xEE,0x80,Write,ACK
20.226705500000001,74,0xEE,0x03,Write,ACK
20.226806499999999,74,0xEE,0x02,Write,ACK
20.226907499999999,74,0xEE,0x03,Write,ACK
20.227008000000001,74,0xEE,0x29,Write,ACK
20.227108999999999,74,0xEE,0x76,Write,ACK
20.227209999999999,74,0xEE,0x4F,Write,ACK
20.227311000000000,74,0xEE,0x82,Write,ACK
20.227537500000000,74,0xEE,0x91,Write,ACK
20.227642500000002,74,0xEE,0x83,Write,ACK
20.227743499999999,74,0xEE,0x92,Write,ACK
20.227844500000000,74,0xEE,0x84,Write,ACK
20.227945500000001,74,0xEE,0x93,Write,ACK
20.228045999999999,74,0xEE,0x85,Write,ACK
20.228147000000000,74,0xEE,0x94,Write,ACK
20.228248000000001,74,0xEE,0x86,Write,ACK
20.228349000000001,74,0xEE,0x95,Write,ACK
20.228449999999999,74,0xEE,0x87,Write,ACK
20.228550500000001,74,0xEE,0x96,Write,ACK
20.228651500000002,74,0xEE,0x90,Write,ACK
20.228752499999999,74,0xEE,0x9F,Write,ACK
20.228853500000000,74,0xEE,0x81,Write,ACK
20.228954500000000,74,0xEE,0x23,Write,ACK
20.229054999999999,74,0xEE,0x0F,Write,ACK
20.229156000000000,74,0xEE,0x7F,Write,ACK
20.229257000000000,74,0xEE,0x07,Write,ACK
20.229358000000001,74,0xEE,0x23,Write,ACK
20.229458500000000,74,0xEE,0x4D,Write,ACK
20.229559500000001,74,0xEE,0x02,Write,ACK
20.229660500000001,74,0xEE,0x00,Write,ACK
20.229761499999999,74,0xEE,0x83,Write,ACK
20.229862499999999,74,0xEE,0x4F,Write,ACK
20.229963000000001,74,0xEE,0x00,Write,ACK
20.230063999999999,74,0xEE,0x00,Write,ACK
20.230165000000000,74,0xEE,0x68,Write,ACK
20.230266000000000,74,0xEE,0x03,Write,ACK
20.230367000000001,74,0xEE,0x0C,Write,ACK
20.230467500000000,74,0xEE,0x00,Write,ACK
20.230568500000000,74,0xEE,0x30,Write,ACK
20.230669500000001,74,0xEE,0x00,Write,ACK
20.230770499999998,74,0xEE,0x80,Write,ACK
20.230871000000000,74,0xEE,0x2D,Write,ACK
20.230972000000001,74,0xEE,0x00,Write,ACK
20.231072999999999,74,0xEE,0x8C,Write,ACK
20.231173999999999,74,0xEE,0x0A,Write,ACK
20.231275000000000,74,0xEE,0xD0,Write,ACK
20.231515500000000,74,0xEE,0x8A,Write,ACK
20.231620499999998,74,0xEE,0x20,Write,ACK
20.231721499999999,74,0xEE,0xE0,Write,ACK
20.231822500000000,74,0xEE,0x2D,Write,ACK
20.231923500000001,74,0xEE,0x10,Write,ACK
20.232023999999999,74,0xEE,0x10,Write,ACK
20.232125000000000,74,0xEE,0x3E,Write,ACK
20.232226000000001,74,0xEE,0x96,Write,ACK
20.232327000000002,74,0xEE,0x00,Write,ACK
20.232427500000000,74,0xEE,0xA0,Write,ACK
20.232528500000001,74,0xEE,0x5A,Write,ACK
20.232629500000002,74,0xEE,0x00,Write,ACK
20.232730499999999,74,0xEE,0x00,Write,ACK
20.232831500000000,74,0xEE,0x00,Write,ACK
20.232932000000002,74,0xEE,0x18,Write,ACK
20.233032999999999,74,0xEE,0x8C,Write,ACK
20.233134000000000,74,0xEE,0x0A,Write,ACK
20.233235000000001,74,0xEE,0xD0,Write,ACK
20.233336000000001,74,0xEE,0x90,Write,ACK
20.233438499999998,74,0xEE,0x20,Write,ACK
20.233539499999999,74,0xEE,0x40,Write,ACK
20.233640500000000,74,0xEE,0x31,Write,ACK
20.233741500000001,74,0xEE,0x20,Write,ACK
20.233841999999999,74,0xEE,0x0C,Write,ACK
20.233943000000000,74,0xEE,0x40,Write,ACK
20.234044000000001,74,0xEE,0x55,Write,ACK
20.234145000000002,74,0xEE,0x00,Write,ACK
20.234245999999999,74,0xEE,0xA0,Write,ACK
20.234346500000001,74,0xEE,0x5A,Write,ACK
20.234447500000002,74,0xEE,0x00,Write,ACK
20.234548499999999,74,0xEE,0x00,Write,ACK
20.234649500000000,74,0xEE,0x00,Write,ACK
20.234750500000001,74,0xEE,0x18,Write,ACK
20.234850999999999,74,0xEE,0x01,Write,ACK
20.234952000000000,74,0xEE,0x1D,Write,ACK
20.235053000000001,74,0xEE,0x00,Write,ACK
20.235154000000001,74,0xEE,0x72,Write,ACK
20.235254999999999,74,0xEE,0x51,Write,ACK
20.235515500000002,74,0xEE,0xD0,Write,ACK
20.235620500000000,74,0xEE,0x1E,Write,ACK
20.235721500000000,74,0xEE,0x20,Write,ACK
20.235822500000001,74,0xEE,0x6E,Write,ACK
20.235923000000000,74,0xEE,0x28,Write,ACK
20.236024000000000,74,0xEE,0x55,Write,ACK
20.236125000000001,74,0xEE,0x00,Write,ACK
20.236225999999998,74,0xEE,0xA0,Write,ACK
20.236326999999999,74,0xEE,0x5A,Write,ACK
20.236427500000001,74,0xEE,0x00,Write,ACK
20.236528499999999,74,0xEE,0x00,Write,ACK
20.236629499999999,74,0xEE,0x00,Write,ACK
20.236730500000000,74,0xEE,0x1E,Write,ACK
20.236831500000001,74,0xEE,0x01,Write,ACK
20.236931999999999,74,0xEE,0x1D,Write,ACK
20.237033000000000,74,0xEE,0x00,Write,ACK
20.237134000000001,74,0xEE,0xBC,Write,ACK
20.237234999999998,74,0xEE,0x52,Write,ACK
20.237335500000000,74,0xEE,0xD0,Write,ACK
20.237436500000001,74,0xEE,0x1E,Write,ACK
20.237537499999998,74,0xEE,0x20,Write,ACK
20.237638499999999,74,0xEE,0xB8,Write,ACK
20.237739500000000,74,0xEE,0x28,Write,ACK
20.237839999999998,74,0xEE,0x55,Write,ACK
20.237940999999999,74,0xEE,0x40,Write,ACK
20.238042000000000,74,0xEE,0xA0,Write,ACK
20.238143000000001,74,0xEE,0x5A,Write,ACK
20.238244000000002,74,0xEE,0x00,Write,ACK
20.238344500000000,74,0xEE,0x00,Write,ACK
20.238445500000001,74,0xEE,0x00,Write,ACK
20.238546500000002,74,0xEE,0x1E,Write,ACK
20.238647499999999,74,0xEE,0x00,Write,ACK
20.238748000000001,74,0xEE,0x00,Write,ACK
20.238848999999998,74,0xEE,0x00,Write,ACK
20.238949999999999,74,0xEE,0x00,Write,ACK
20.239051000000000,74,0xEE,0x00,Write,ACK
20.239152000000001,74,0xEE,0x00,Write,ACK
20.239252499999999,74,0xEE,0x00,Write,ACK
20.239513500000001,74,0xEE,0x00,Write,ACK
20.239616500000000,74,0xEE,0x00,Write,ACK
20.239717500000001,74,0xEE,0x00,Write,ACK
20.239818499999998,74,0xEE,0x00,Write,ACK
20.239919000000000,74,0xEE,0x00,Write,ACK
20.240020000000001,74,0xEE,0x00,Write,ACK
20.240120999999998,74,0xEE,0x00,Write,ACK
20.240224000000001,74,0xEE,0x47,Write,ACK
20.240775500000002,75,0xEE,0x04,Write,ACK
20.240876499999999,75,0xEE,0x08,Write,ACK
20.241418500000002,76,0xEE,0x02,Write,ACK
20.241519499999999,76,0xEE,0x80,Write,ACK
20.242093000000001,77,0xEE,0x03,Write,ACK
20.242194000000001,77,0xEE,0x02,Write,ACK
20.242294999999999,77,0xEE,0x03,Write,ACK
20.242395999999999,77,0xEE,0x29,Write,ACK
20.242497000000000,77,0xEE,0x76,Write,ACK
20.242597499999999,77,0xEE,0x4F,Write,ACK
20.242698499999999,77,0xEE,0x82,Write,ACK
20.242799500000000,77,0xEE,0x91,Write,ACK
20.242900500000001,77,0xEE,0x83,Write,ACK
20.243001499999998,77,0xEE,0x92,Write,ACK
20.243102000000000,77,0xEE,0x84,Write,ACK
20.243203000000001,77,0xEE,0x93,Write,ACK
20.243303999999998,77,0xEE,0x85,Write,ACK
20.243537000000000,77,0xEE,0x94,Write,ACK
20.243639500000000,77,0xEE,0x86,Write,ACK
20.243740500000001,77,0xEE,0x95,Write,ACK
20.243841499999998,77,0xEE,0x87,Write,ACK
20.243942499999999,77,0xEE,0x96,Write,ACK
20.244043500000000,77,0xEE,0x90,Write,ACK
20.244143999999999,77,0xEE,0x9F,Write,ACK
20.244244999999999,77,0xEE,0x81,Write,ACK
20.244346000000000,77,0xEE,0x23,Write,ACK
20.244447000000001,77,0xEE,0x0F,Write,ACK
20.244548000000002,77,0xEE,0x7F,Write,ACK
20.244648500000000,77,0xEE,0x07,Write,ACK
20.244749500000001,77,0xEE,0x23,Write,ACK
20.244850499999998,77,0xEE,0x4D,Write,ACK
20.244951499999999,77,0xEE,0x02,Write,ACK
20.245052000000001,77,0xEE,0x00,Write,ACK
20.245152999999998,77,0xEE,0x83,Write,ACK
20.245253999999999,77,0xEE,0x4F,Write,ACK
20.245355000000000,77,0xEE,0x00,Write,ACK
20.245456000000001,77,0xEE,0x00,Write,ACK
20.245556499999999,77,0xEE,0x68,Write,ACK
20.245657500000000,77,0xEE,0x03,Write,ACK
20.245758500000001,77,0xEE,0x0C,Write,ACK
20.245859500000002,77,0xEE,0x00,Write,ACK
20.245960499999999,77,0xEE,0x40,Write,ACK
20.246061000000001,77,0xEE,0x00,Write,ACK
20.246162000000002,77,0xEE,0x80,Write,ACK
20.246262999999999,77,0xEE,0x2D,Write,ACK
20.246364000000000,77,0xEE,0x00,Write,ACK
20.246465000000001,77,0xEE,0x8C,Write,ACK
20.246565499999999,77,0xEE,0x0A,Write,ACK
20.246666500000000,77,0xEE,0xD0,Write,ACK
20.246767500000001,77,0xEE,0x8A,Write,ACK
20.246868500000001,77,0xEE,0x20,Write,ACK
20.246969000000000,77,0xEE,0xE0,Write,ACK
20.247070000000001,77,0xEE,0x2D,Write,ACK
20.247171000000002,77,0xEE,0x10,Write,ACK
20.247271999999999,77,0xEE,0x10,Write,ACK
20.247515000000000,77,0xEE,0x3E,Write,ACK
20.247617500000000,77,0xEE,0x96,Write,ACK
20.247718500000001,77,0xEE,0x00,Write,ACK
20.247819499999999,77,0xEE,0xA0,Write,ACK
20.247920499999999,77,0xEE,0x5A,Write,ACK
20.248021500000000,77,0xEE,0x00,Write,ACK
20.248121999999999,77,0xEE,0x00,Write,ACK
20.248222999999999,77,0xEE,0x00,Write,ACK
20.248324000000000,77,0xEE,0x18,Write,ACK
20.248425000000001,77,0xEE,0x8C,Write,ACK
20.248525500000000,77,0xEE,0x0A,Write,ACK
20.248626500000000,77,0xEE,0xD0,Write,ACK
20.248727500000001,77,0xEE,0x90,Write,ACK
20.248830500000000,77,0xEE,0x20,Write,ACK
20.248931500000001,77,0xEE,0x40,Write,ACK
20.249032000000000,77,0xEE,0x31,Write,ACK
20.249133000000000,77,0xEE,0x20,Write,ACK
20.249234000000001,77,0xEE,0x0C,Write,ACK
20.249334999999999,77,0xEE,0x40,Write,ACK
20.249435999999999,77,0xEE,0x55,Write,ACK
20.249536500000001,77,0xEE,0x00,Write,ACK
20.249637499999999,77,0xEE,0xA0,Write,ACK
20.249738499999999,77,0xEE,0x5A,Write,ACK
20.249839500000000,77,0xEE,0x00,Write,ACK
20.249939999999999,77,0xEE,0x00,Write,ACK
20.250041000000000,77,0xEE,0x00,Write,ACK
20.250142000000000,77,0xEE,0x18,Write,ACK
20.250243000000001,77,0xEE,0x01,Write,ACK
20.250343999999998,77,0xEE,0x1D,Write,ACK
20.250444500000000,77,0xEE,0x00,Write,ACK
20.250545500000001,77,0xEE,0x72,Write,ACK
20.250646499999998,77,0xEE,0x51,Write,ACK
20.250747499999999,77,0xEE,0xD0,Write,ACK
20.250848500000000,77,0xEE,0x1E,Write,ACK
20.250948999999999,77,0xEE,0x20,Write,ACK
20.251049999999999,77,0xEE,0x6E,Write,ACK
20.251151000000000,77,0xEE,0x28,Write,ACK
20.251252000000001,77,0xEE,0x55,Write,ACK
20.251512500000000,77,0xEE,0x00,Write,ACK
20.251615500000000,77,0xEE,0xA0,Write,ACK
20.251716500000001,77,0xEE,0x5A,Write,ACK
20.251817500000001,77,0xEE,0x00,Write,ACK
20.251918499999999,77,0xEE,0x00,Write,ACK
20.252019000000001,77,0xEE,0x00,Write,ACK
20.252120000000001,77,0xEE,0x1E,Write,ACK
20.252220999999999,77,0xEE,0x01,Write,ACK
20.252321999999999,77,0xEE,0x1D,Write,ACK
20.252423000000000,77,0xEE,0x00,Write,ACK
20.252523499999999,77,0xEE,0xBC,Write,ACK
20.252624500000000,77,0xEE,0x52,Write,ACK
20.252725500000000,77,0xEE,0xD0,Write,ACK
20.252826500000001,77,0xEE,0x1E,Write,ACK
20.252927499999998,77,0xEE,0x20,Write,ACK
20.253028000000000,77,0xEE,0xB8,Write,ACK
20.253129000000001,77,0xEE,0x28,Write,ACK
20.253229999999999,77,0xEE,0x55,Write,ACK
20.253330999999999,77,0xEE,0x40,Write,ACK
20.253431500000001,77,0xEE,0xA0,Write,ACK
20.253532499999999,77,0xEE,0x5A,Write,ACK
20.253633499999999,77,0xEE,0x00,Write,ACK
20.253734500000000,77,0xEE,0x00,Write,ACK
20.253835500000001,77,0xEE,0x00,Write,ACK
20.253935999999999,77,0xEE,0x1E,Write,ACK
20.254037000000000,77,0xEE,0x00,Write,ACK
20.254138000000001,77,0xEE,0x00,Write,ACK
20.254238999999998,77,0xEE,0x00,Write,ACK
20.254339999999999,77,0xEE,0x00,Write,ACK
20.254440500000001,77,0xEE,0x00,Write,ACK
20.254541499999998,77,0xEE,0x00,Write,ACK
20.254642499999999,77,0xEE,0x00,Write,ACK
20.254743500000000,77,0xEE,0x00,Write,ACK
20.254843999999999,77,0xEE,0x00,Write,ACK
20.254944999999999,77,0xEE,0x00,Write,ACK
20.255046000000000,77,0xEE,0x00,Write,ACK
20.255147000000001,77,0xEE,0x00,Write,ACK
20.255248000000002,77,0xEE,0x00,Write,ACK
20.255514500000000,77,0xEE,0x00,Write,ACK
20.255617500000000,77,0xEE,0x37,Write,ACK
20.256169499999999,78,0xEE,0x01,Write,ACK
20.256272500000001,78,0xEE,0x0F,Write,ACK
20.256826000000000,79,0x60,0x2E,Write,ACK
20.256929000000000,79,0x60,0x80,Write,ACK
20.257470999999999,80,0x60,0x75,Write,ACK
20.257574000000002,80,0x60,0x01,Write,ACK
20.258107500000001,81,0x60,0x71,Write,ACK
20.258210500000001,81,0x60,0x03,Write,ACK
20.259790500000001,82,0x60,0x09,Write,ACK
20.259893500000000,82,0x60,0x00,Write,ACK
20.260427000000000,83,0x60,0x0A,Write,ACK
20.260529999999999,83,0x60,0x08,Write,ACK
20.261066000000000,84,0x60,0x82,Write,ACK
20.261168999999999,84,0x60,0xFC,Write,ACK
20.261712500000002,85,0x60,0x10,Write,ACK
20.261815500000001,85,0x60,0x55,Write,ACK
20.272769000000000,86,0x60,0x05,Write,ACK
20.272986499999998,87,0x61,0x00,Read,NAK
20.273528500000001,88,0x60,0x05,Write,ACK
20.273629499999998,88,0x60,0x10,Write,ACK
20.274167500000001,89,0x68,0x18,Write,ACK
20.274270000000001,89,0x68,0x54,Write,ACK
20.274809999999999,90,0x68,0x13,Write,ACK
20.274913000000002,90,0x68,0x0F,Write,ACK
20.275013999999999,90,0x68,0x20,Write,ACK
20.275115000000000,90,0x68,0x00,Write,ACK
20.275217500000000,90,0x68,0x00,Write,ACK
20.275963500000000,91,0x60,0x08,Write,ACK
20.276066499999999,91,0x60,0x04,Write,ACK
20.276606500000000,92,0x68,0x35,Write,ACK
20.276709000000000,92,0x68,0x06,Write,ACK
20.277246999999999,93,0x68,0x38,Write,ACK
20.277348000000000,93,0x68,0x0C,Write,ACK
20.277885999999999,94,0x60,0x79,Write,ACK
20.277988499999999,94,0x60,0x06,Write,ACK
20.278526500000002,95,0x68,0x37,Write,ACK
20.278629500000001,95,0x68,0x03,Write,ACK
20.279167500000000,96,0x60,0x57,Write,ACK
20.279537000000001,97,0x61,0x03,Read,NAK
20.280085000000000,98,0x60,0x57,Write,ACK
20.280187999999999,98,0x60,0x02,Write,ACK
20.280723999999999,99,0x60,0xB5,Write,ACK
20.280826500000000,99,0x60,0x00,Write,ACK
20.281360500000002,100,0x60,0xBC,Write,ACK
20.281463500000001,100,0x60,0x02,Write,ACK
20.281999500000001,101,0x60,0xBB,Write,ACK
20.282101999999998,101,0x60,0x01,Write,ACK
20.282640000000001,102,0xEE,0xFA,Write,ACK
20.282743000000000,102,0xEE,0x0F,Write,ACK
20.283280999999999,103,0xEE,0xFC,Write,ACK
20.283537500000001,103,0xEE,0x0A,Write,ACK
20.284079500000001,104,0x60,0x0E,Write,ACK
20.284182500000000,104,0x60,0x40,Write,ACK
20.284716499999998,105,0x60,0x83,Write,ACK
20.284817499999999,105,0x60,0x60,Write,ACK
20.285354999999999,106,0x64,0x87,Write,ACK
20.285457999999998,106,0x64,0x43,Write,ACK
20.285996000000001,107,0x64,0x81,Write,ACK
20.286099000000000,107,0x64,0x18,Write,ACK
20.287656500000001,108,0xEE,0xE9,Write,ACK
20.287759500000000,108,0xEE,0x32,Write,ACK
20.288921500000001,109,0x64,0xBB,Write,ACK
20.289030000000000,109,0x64,0x04,Write,ACK
20.290340000000000,110,0x64,0x92,Write,ACK
20.290443000000000,110,0x64,0x8A,Write,ACK
20.290548000000001,110,0x64,0xAA,Write,ACK
20.290652500000000,110,0x64,0x1A,Write,ACK
20.290779499999999,110,0x64,0x2A,Write,ACK
20.292219500000002,111,0x64,0xB5,Write,ACK
20.292324499999999,111,0x64,0x40,Write,ACK
20.292866000000000,112,0x64,0x89,Write,ACK
20.292967000000001,112,0x64,0x00,Write,ACK
20.293505000000000,113,0xEE,0xE5,Write,ACK
20.293607999999999,113,0xEE,0x02,Write,ACK
20.294143500000001,114,0x68,0xFF,Write,ACK
20.294246500000000,114,0x68,0x04,Write,ACK
20.297417500000002,121,0x60,0x75,Write,ACK
20.297520500000001,121,0x60,0x02,Write,ACK
20.297623500000000,121,0x60,0x98,Write,ACK
20.297726500000000,121,0x60,0x4F,Write,ACK
20.297827000000002,121,0x60,0x40,Write,ACK
20.298362999999998,122,0x60,0x7D,Write,ACK
20.298463999999999,122,0x60,0x59,Write,ACK
20.298566999999998,122,0x60,0x97,Write,ACK
20.299105000000001,123,0x60,0x92,Write,ACK
20.299207500000001,123,0x60,0x00,Write,ACK
20.299310500000001,123,0x60,0xC0,Write,ACK
20.299998500000001,124,0x60,0x7A,Write,ACK
20.300101500000000,124,0x60,0x2F,Write,ACK
20.300639000000000,125,0x60,0x94,Write,ACK
20.300742000000000,125,0x60,0x40,Write,ACK
20.301290000000002,126,0x68,0x2E,Write,ACK
20.301507999999998,127,0x69,0x02,Read,NAK
20.302051500000001,128,0x68,0x26,Write,ACK
20.302152499999998,128,0x68,0x40,Write,ACK
20.302686500000000,129,0x60,0x88,Write,ACK
20.302789499999999,129,0x60,0x88,Write,ACK
20.303322999999999,130,0x60,0x89,Write,ACK
20.303538000000000,130,0x60,0x16,Write,ACK
20.304079999999999,131,0x68,0x29,Write,ACK
20.304182999999998,131,0x68,0x04,Write,ACK
20.304720499999998,132,0x60,0xB6,Write,ACK
20.304823500000001,132,0x60,0xC1,Write,ACK
20.304924499999998,132,0x60,0x07,Write,ACK
20.305027500000001,132,0x60,0x01,Write,ACK
20.305573500000001,133,0x68,0x37,Write,ACK
20.305790999999999,134,0x69,0x73,Read,NAK
20.306336999999999,135,0x68,0x29,Write,ACK
20.306439999999998,135,0x68,0x14,Write,ACK
20.306979999999999,136,0x60,0x7D,Write,ACK
20.307082500000000,136,0x60,0x19,Write,ACK
20.307858499999998,137,0x68,0x27,Write,ACK
20.308076499999999,138,0x69,0x01,Read,NAK
20.308648500000000,139,0x60,0x7A,Write,ACK
20.308865999999998,140,0x61,0x2F,Read,NAK
20.309410000000000,141,0x60,0x73,Write,ACK
20.309512999999999,141,0x60,0x04,Write,ACK
20.310096999999999,142,0x60,0x81,Write,ACK
20.310199500000000,142,0x60,0x00,Write,ACK
20.310733500000001,143,0x60,0x61,Write,ACK
20.310951500000002,144,0x61,0x00,Read,NAK
20.311743499999999,145,0x60,0xC5,Write,ACK
20.311845999999999,145,0x60,0x40,Write,ACK
20.311948999999998,145,0x60,0x0B,Write,ACK
20.312488999999999,146,0x60,0x69,Write,ACK
20.312591999999999,146,0x60,0xFF,Write,ACK
20.313125500000002,147,0x60,0x0B,Write,ACK
20.313343499999998,148,0x61,0x00,Read,NAK
20.313885500000001,149,0x60,0x0B,Write,ACK
20.313988500000001,149,0x60,0x40,Write,ACK
20.314522000000000,150,0x60,0x07,Write,ACK
20.314740000000000,151,0x61,0x08,Read,NAK
20.315283999999998,152,0x60,0x07,Write,ACK
20.315535000000001,152,0x60,0x0A,Write,ACK
20.316078500000000,153,0x60,0x07,Write,ACK
20.316181499999999,153,0x60,0x0A,Write,ACK
20.316717499999999,154,0x60,0x07,Write,ACK
20.316820499999999,154,0x60,0x08,Write,ACK
20.317356000000000,155,0x60,0x07,Write,ACK
20.317457000000001,155,0x60,0x08,Write,ACK
20.317995000000000,156,0x60,0x2F,Write,ACK
20.318097999999999,156,0x60,0x00,Write,ACK
20.318200999999998,156,0x60,0x00,Write,ACK
20.318736500000000,157,0x60,0x2F,Write,ACK
20.318839499999999,157,0x60,0x00,Write,ACK
20.318942499999999,157,0x60,0x00,Write,ACK
20.319714500000000,158,0x60,0x2E,Write,ACK
20.319817000000000,158,0x60,0x80,Write,ACK
20.320363000000000,159,0x60,0x75,Write,ACK
20.320466000000000,159,0x60,0x01,Write,ACK
20.321000000000002,160,0x60,0x71,Write,ACK
20.321102499999999,160,0x60,0x03,Write,ACK
20.321638499999999,161,0x60,0x09,Write,ACK
20.321856499999999,162,0x61,0x00,Read,NAK
20.322398499999998,163,0x60,0x09,Write,ACK
20.322499000000001,163,0x60,0x10,Write,ACK
20.338911499999998,172,0x68,0xBF,Write,ACK
20.339013999999999,172,0x68,0x05,Write,ACK
20.340038000000000,173,0x60,0x7A,Write,ACK
20.340256000000000,174,0x61,0x2F,Read,NAK
20.340799499999999,175,0x60,0x73,Write,ACK
20.340902499999999,175,0x60,0x08,Write,ACK
20.341442499999999,176,0x60,0x91,Write,ACK
20.341545499999999,176,0x60,0x08,Write,ACK
20.342081499999999,177,0x60,0x94,Write,ACK
20.342299000000001,178,0x61,0x40,Read,NAK
20.342863000000001,179,0x68,0x7F,Write,ACK
20.342963999999998,179,0x68,0x81,Write,ACK
20.343737999999998,180,0x60,0x73,Write,ACK
20.343838500000000,180,0x60,0x02,Write,ACK
21.771616500000000,349,0x60,0xB8,Write,ACK
21.771833999999998,350,0x61,0x01,Read,NAK
21.772379999999998,351,0x60,0xB7,Write,ACK
21.772597999999999,352,0x61,0x07,Read,NAK
21.773160000000001,353,0x60,0x7A,Write,ACK
21.773377499999999,354,0x61,0x2F,Read,NAK
21.773921500000000,355,0x60,0x7A,Write,ACK
21.774024499999999,355,0x60,0x6F,Write,ACK
21.774574500000000,356,0x60,0x09,Write,ACK
21.774677000000001,356,0x60,0x00,Write,ACK
21.775214999999999,357,0x60,0x82,Write,ACK
21.775444000000000,357,0x60,0xFF,Write,ACK
21.782274000000001,374,0x60,0x08,Write,ACK
21.782374999999998,374,0x60,0x04,Write,ACK
21.800015500000001,375,0x60,0x06,Write,ACK
21.800233500000001,376,0x61,0x20,Read,NAK
21.815990500000002,377,0x60,0x61,Write,ACK
21.816208000000000,378,0x61,0x00,Read,NAK
21.817288000000001,379,0x68,0x34,Write,ACK
21.817506000000002,380,0x69,0x00,Read,NAK
21.849284000000001,381,0x68,0xBF,Write,ACK
21.849387000000000,381,0x68,0x05,Write,ACK
21.849918500000001,382,0x60,0x7A,Write,ACK
21.850136500000001,383,0x61,0x6F,Read,NAK
21.850678500000001,384,0x60,0x73,Write,ACK
21.850781500000000,384,0x60,0x08,Write,ACK
21.851509000000000,385,0x60,0x91,Write,ACK
21.851614000000001,385,0x60,0x08,Write,ACK
21.852153999999999,386,0x60,0x94,Write,ACK
21.852371999999999,387,0x61,0x40,Read,NAK
21.852931500000000,388,0x68,0x7F,Write,ACK
21.853034500000000,388,0x68,0x81,Write,ACK
21.853570500000000,389,0x60,0x73,Write,ACK
21.853673499999999,389,0x60,0x02,Write,ACK
21.936762999999999,400,0x60,0x09,Write,ACK
21.936865999999998,400,0x60,0x80,Write,ACK
21.937400000000000,401,0x60,0x0A,Write,ACK
21.937502500000001,401,0x60,0x0B,Write,ACK
21.938038500000001,402,0x60,0x82,Write,ACK
21.938141500000000,402,0x60,0x3F,Write,ACK
21.941154999999998,403,0x68,0x34,Write,ACK
21.941372999999999,404,0x69,0x00,Read,NAK
21.965283500000002,405,0x68,0x34,Write,ACK
21.965501499999998,406,0x69,0x00,Read,NAK
